{"herbivorosVivos":[100,100,100,100,100],"CarnivorosVivos":[0,0,0,0,0],"PlantasVivas":[100,100,99,88,90],"herb_vel_stats":[3.429321527481079,3.429321527481079,3.429321527481079,3.429321527481079,3.429321527481079],"herb_cam_stats":[6.797978401184082,6.797978401184082,6.797978401184082,6.797978401184082,6.797978401184082],"herb_gan_stats":[40.0175666809082,40.0175666809082,40.0175666809082,40.0175666809082,40.0175666809082],"carn_vel_stats":[0.0,0.0,0.0,0.0,0.0],"carn_cam_stats":[0.0,0.0,0.0,0.0,0.0],"carn_gan_stats":[0.0,0.0,0.0,0.0,0.0]}