{"herbivorosVivos":[100,100,100,100,100,100,100,100,100,101,102,103,108,111,113,112,112,98,99,95,92,87,84,83,83,78,73,68,58,49,47,39,34,32,28,25,25,23,22,21,22,16,13,11,11,10,9,7,7,7,7,6,5,5,5,5,4,4,4,4,3,3,3,3,3,3,3,2,2,2,2,2,2,1,1,0,0,0,0,0,0,0,0,0,0,0,0,0,0,0,0,0,0,0,0,0,0,0,0,0,0,0,0,0,0,0,0,0,0,0,0,0,0,0,0,0,0,0,0,0,0,0,0,0,0,0,0,0,0,0,0,0,0,0,0,0,0,0,0,0,0,0,0,0,0,0,0,0,0,0,0,0,0,0,0,0,0,0,0,0,0,0,0,0,0,0,0,0,0,0,0],"CarnivorosVivos":[0,0,0,0,0,0,0,0,0,0,0,0,0,0,0,0,0,0,0,0,0,0,0,0,0,0,0,0,0,0,0,0,0,0,0,0,0,0,0,0,0,0,0,0,0,0,0,0,0,0,0,0,0,0,0,0,0,0,0,0,0,0,0,0,0,0,0,0,0,0,0,0,0,0,0,0,0,0,0,0,0,0,0,0,0,0,0,0,0,0,0,0,0,0,0,0,0,0,0,0,0,0,0,0,0,0,0,0,0,0,0,0,0,0,0,0,0,0,0,0,0,0,0,0,0,0,0,10,10,10,10,10,10,10,9,8,8,8,8,8,1,1,1,1,1,1,1,1,1,1,1,1,1,1,1,1,1,1,1,1,1,0,0,0,0,0,0,0,0,0,0],"PlantasVivas":[50,50,50,38,38,45,43,45,46,41,44,47,45,45,45,41,49,45,46,49,48,48,48,48,48,47,50,50,48,49,48,50,46,50,49,48,50,50,49,49,50,49,50,50,49,50,50,50,48,50,50,49,50,49,50,50,50,49,50,50,50,50,50,50,50,50,50,50,50,50,50,50,50,50,50,50,50,50,50,50,50,50,50,50,50,50,50,50,50,50,50,50,50,50,50,50,50,50,50,50,50,50,50,50,50,50,50,50,50,50,50,50,50,50,50,50,50,50,50,50,50,50,50,50,50,50,50,50,50,50,50,50,50,50,50,50,50,50,50,50,50,50,50,50,50,50,50,50,50,50,50,50,50,50,50,50,50,50,50,50,50,50,50,50,50,50,50,50,50,50,50],"herb_vel_stats":[3.3595504760742189,3.3595504760742189,3.3595504760742189,3.3595504760742189,3.3595504760742189,3.3595504760742189,3.3595504760742189,3.3595504760742189,3.334918737411499,3.3245351314544679,3.313556432723999,3.320399045944214,3.2846007347106935,3.2891149520874025,3.2698328495025636,3.217489242553711,3.2209339141845705,3.253236770629883,3.2506790161132814,3.2736454010009767,3.257028102874756,3.207071304321289,3.1945736408233644,3.179353713989258,3.195258140563965,3.265930652618408,3.2280001640319826,3.2705774307250978,3.3026421070098879,3.361978530883789,3.3933913707733156,3.4746148586273195,3.4321885108947756,3.4213883876800539,3.463104486465454,3.4188876152038576,3.4188876152038576,3.4569761753082277,3.467120409011841,3.4080803394317629,3.4029653072357179,3.223139524459839,3.1610562801361086,3.2249093055725099,3.2249093055725099,3.2474002838134767,3.2748892307281496,3.0238075256347658,3.0238075256347658,3.0238075256347658,3.0238075256347658,3.027775526046753,2.9742209911346437,2.9742209911346437,2.9742209911346437,2.9742209911346437,2.967776298522949,2.967776298522949,2.967776298522949,2.967776298522949,2.5408060550689699,2.5408060550689699,2.5408060550689699,2.5408060550689699,2.5408060550689699,2.5408060550689699,2.5408060550689699,2.311209201812744,2.311209201812744,2.311209201812744,2.311209201812744,2.311209201812744,2.311209201812744,1.6224185228347779,1.6224185228347779,0.0,0.0,0.0,0.0,0.0,0.0,0.0,0.0,0.0,0.0,0.0,0.0,0.0,0.0,0.0,0.0,0.0,0.0,0.0,0.0,0.0,0.0,0.0,0.0,0.0,0.0,0.0,0.0,0.0,0.0,0.0,0.0,0.0,0.0,0.0,0.0,0.0,0.0,0.0,0.0,0.0,0.0,0.0,0.0,0.0,0.0,0.0,0.0,0.0,0.0,0.0,0.0,0.0,0.0,0.0,0.0,0.0,0.0,0.0,0.0,0.0,0.0,0.0,0.0,0.0,0.0,0.0,0.0,0.0,0.0,0.0,0.0,0.0,0.0,0.0,0.0,0.0,0.0,0.0,0.0,0.0,0.0,0.0,0.0,0.0,0.0,0.0,0.0,0.0,0.0,0.0,0.0,0.0,0.0,0.0,0.0],"herb_cam_stats":[6.537093639373779,6.537093639373779,6.537093639373779,6.537093639373779,6.537093639373779,6.537093639373779,6.537093639373779,6.537093639373779,6.503086566925049,6.499946117401123,6.532611846923828,6.6242475509643559,6.539223670959473,6.533885955810547,6.630638122558594,6.53342342376709,6.501955986022949,6.572998523712158,6.567210674285889,6.509934425354004,6.5635576248168949,6.345372200012207,6.2975640296936039,6.277894020080566,6.328651428222656,6.466188907623291,6.484531402587891,6.4159393310546879,6.407369136810303,6.384250640869141,6.358956336975098,6.388712406158447,6.312521934509277,6.260529041290283,6.323373317718506,6.493447303771973,6.493447303771973,6.2765398025512699,6.364315986633301,6.136322975158691,6.267965793609619,6.323345184326172,6.171919822692871,6.6244306564331059,6.6244306564331059,6.686873435974121,6.763193130493164,6.773132801055908,6.773132801055908,6.773132801055908,6.773132801055908,6.901988506317139,6.475892066955566,6.475892066955566,6.475892066955566,6.475892066955566,6.594864845275879,6.594864845275879,6.594864845275879,6.594864845275879,5.848172664642334,5.848172664642334,5.848172664642334,5.848172664642334,5.848172664642334,5.848172664642334,5.848172664642334,5.772258758544922,5.772258758544922,5.772258758544922,5.772258758544922,5.772258758544922,5.772258758544922,5.544517993927002,5.544517993927002,0.0,0.0,0.0,0.0,0.0,0.0,0.0,0.0,0.0,0.0,0.0,0.0,0.0,0.0,0.0,0.0,0.0,0.0,0.0,0.0,0.0,0.0,0.0,0.0,0.0,0.0,0.0,0.0,0.0,0.0,0.0,0.0,0.0,0.0,0.0,0.0,0.0,0.0,0.0,0.0,0.0,0.0,0.0,0.0,0.0,0.0,0.0,0.0,0.0,0.0,0.0,0.0,0.0,0.0,0.0,0.0,0.0,0.0,0.0,0.0,0.0,0.0,0.0,0.0,0.0,0.0,0.0,0.0,0.0,0.0,0.0,0.0,0.0,0.0,0.0,0.0,0.0,0.0,0.0,0.0,0.0,0.0,0.0,0.0,0.0,0.0,0.0,0.0,0.0,0.0,0.0,0.0,0.0,0.0,0.0,0.0],"herb_gan_stats":[19.328262329101564,19.328262329101564,19.328262329101564,19.328262329101564,19.328262329101564,19.328262329101564,19.328262329101564,19.328262329101564,18.69516372680664,19.022268295288087,19.433332443237306,19.54759979248047,20.548362731933595,21.760772705078126,21.08492660522461,21.237689971923829,21.74739646911621,23.732072830200197,23.552961349487306,23.613252639770509,23.365137100219728,22.042236328125,22.6444034576416,22.10869598388672,21.820375442504884,21.097856521606447,20.733484268188478,19.826513290405275,21.056690216064454,22.054964065551759,21.366069793701173,22.814599990844728,20.857223510742189,20.744787216186525,21.001522064208986,19.968503952026368,19.968503952026368,21.22722816467285,21.05780792236328,18.79305076599121,19.119855880737306,19.426498413085939,22.510318756103517,17.56139373779297,17.56139373779297,18.717533111572267,20.2417049407959,22.79099464416504,22.79099464416504,22.79099464416504,22.79099464416504,25.75615882873535,25.710834503173829,25.710834503173829,25.710834503173829,25.710834503173829,30.638540267944337,30.638540267944337,30.638540267944337,30.638540267944337,10.976280212402344,10.976280212402344,10.976280212402344,10.976280212402344,10.976280212402344,10.976280212402344,10.976280212402344,13.9644193649292,13.9644193649292,13.9644193649292,13.9644193649292,13.9644193649292,13.9644193649292,21.9288387298584,21.9288387298584,0.0,0.0,0.0,0.0,0.0,0.0,0.0,0.0,0.0,0.0,0.0,0.0,0.0,0.0,0.0,0.0,0.0,0.0,0.0,0.0,0.0,0.0,0.0,0.0,0.0,0.0,0.0,0.0,0.0,0.0,0.0,0.0,0.0,0.0,0.0,0.0,0.0,0.0,0.0,0.0,0.0,0.0,0.0,0.0,0.0,0.0,0.0,0.0,0.0,0.0,0.0,0.0,0.0,0.0,0.0,0.0,0.0,0.0,0.0,0.0,0.0,0.0,0.0,0.0,0.0,0.0,0.0,0.0,0.0,0.0,0.0,0.0,0.0,0.0,0.0,0.0,0.0,0.0,0.0,0.0,0.0,0.0,0.0,0.0,0.0,0.0,0.0,0.0,0.0,0.0,0.0,0.0,0.0,0.0,0.0,0.0],"carn_vel_stats":[0.0,0.0,0.0,0.0,0.0,0.0,0.0,0.0,0.0,0.0,0.0,0.0,0.0,0.0,0.0,0.0,0.0,0.0,0.0,0.0,0.0,0.0,0.0,0.0,0.0,0.0,0.0,0.0,0.0,0.0,0.0,0.0,0.0,0.0,0.0,0.0,0.0,0.0,0.0,0.0,0.0,0.0,0.0,0.0,0.0,0.0,0.0,0.0,0.0,0.0,0.0,0.0,0.0,0.0,0.0,0.0,0.0,0.0,0.0,0.0,0.0,0.0,0.0,0.0,0.0,0.0,0.0,0.0,0.0,0.0,0.0,0.0,0.0,0.0,0.0,0.0,0.0,0.0,0.0,0.0,0.0,0.0,0.0,0.0,0.0,0.0,0.0,0.0,0.0,0.0,0.0,0.0,0.0,0.0,0.0,0.0,0.0,0.0,0.0,0.0,0.0,0.0,0.0,0.0,0.0,0.0,0.0,0.0,0.0,0.0,0.0,0.0,0.0,0.0,0.0,0.0,0.0,0.0,0.0,0.0,0.0,0.0,0.0,0.0,0.0,0.0,0.0,3.225140333175659,3.225140333175659,3.225140333175659,3.225140333175659,3.225140333175659,3.225140333175659,3.225140333175659,2.983591318130493,2.7999765872955324,2.7999765872955324,2.7999765872955324,2.7999765872955324,2.7999765872955324,1.3998122215270997,1.3998122215270997,1.3998122215270997,1.3998122215270997,1.3998122215270997,1.3998122215270997,1.3998122215270997,1.3998122215270997,1.3998122215270997,1.3998122215270997,1.3998122215270997,1.3998122215270997,1.3998122215270997,1.3998122215270997,1.3998122215270997,1.3998122215270997,1.3998122215270997,1.3998122215270997,1.3998122215270997,1.3998122215270997,1.3998122215270997,0.0,0.0,0.0,0.0,0.0,0.0,0.0,0.0,0.0,0.0],