{"herbivorosVivos":[100,100,100,100,100,100,100,100,102,102,105,112,116,120,121,123,126,129,133,135,139,140,146,146,147,149,151,153,159,159,161,162,161,160,161,154,151,151,149,145,142,142,140,139,138,139,139,138,128,129,129,126,128,128,126,124,118,113,111,109,106,104,101,98,96,90,83,78,76,74,69,61,60,56,52,50,49,47,45,41,38,36,36,33,33,33,32,29,28,27,28,26,25,23,21,21,18,19,18,17,17,16,16,15,15,15,14,14,14,14,14,13,14,14,14,14,13,12,10,10,10,9,9,9,8,8,8,8,7,7,6,6,6,6,6,6,6,6,4,4,4,3],"CarnivorosVivos":[0,0,0,0,0,0,0,0,0,0,0,0,0,0,0,0,0,0,0,0,0,0,0,0,0,0,0,0,0,0,0,0,0,0,0,0,0,0,0,0,0,0,0,0,0,0,0,0,0,0,0,0,0,0,0,0,0,0,0,0,0,0,0,0,0,0,0,0,0,0,0,0,0,0,0,0,0,0,0,0,0,0,0,0,0,0,0,0,0,0,0,0,0,0,0,0,0,0,0,0,0,0,0,0,0,0,0,0,0,0,0,0,0,0,0,0,0,0,0,0,0,0,0,0,0,0,0,0,0,0,0,0,0,0,0,0,0,0,0,0,0,0],"PlantasVivas":[100,100,99,81,89,84,86,88,94,86,94,88,93,80,92,96,90,90,95,90,93,95,95,93,89,93,96,93,90,97,93,94,94,94,91,97,93,96,94,95,93,93,95,94,96,95,95,96,95,97,96,96,98,99,96,98,99,96,99,95,100,100,98,99,100,98,95,98,98,97,98,99,97,100,99,97,98,98,99,98,100,97,100,98,100,100,100,98,100,99,96,100,99,99,99,99,98,99,98,100,99,100,98,98,100,98,100,99,100,98,100,99,99,100,99,99,100,100,99,100,100,100,100,100,99,100,100,98,100,100,99,100,100,100,100,99,100,100,100,100,100,99],"herb_vel_stats":[3.4209561347961427,3.4209561347961427,3.4209561347961427,3.4209561347961427,3.4209561347961427,3.4209561347961427,3.4209561347961427,3.4209561347961427,3.399871587753296,3.362785816192627,3.31008243560791,3.3150811195373537,3.315612316131592,3.3105599880218508,3.3307414054870607,3.352689266204834,3.332188844680786,3.3475534915924074,3.3598721027374269,3.3465235233306886,3.341444969177246,3.347165822982788,3.3268558979034426,3.316500425338745,3.3652660846710207,3.361732006072998,3.378401517868042,3.466271162033081,3.4061379432678224,3.4015605449676515,3.392979621887207,3.3920702934265138,3.393432140350342,3.3688724040985109,3.3896560668945314,3.332838296890259,3.322730541229248,3.301213026046753,3.284074306488037,3.265897750854492,3.24404239654541,3.2296433448791506,3.1828768253326418,3.2133171558380129,3.228853225708008,3.219257116317749,3.2132251262664797,3.2359819412231447,3.156716823577881,3.1876251697540285,3.1478946208953859,3.104976177215576,3.0948731899261476,3.056140422821045,3.0570318698883058,3.0241591930389406,3.0348386764526369,3.0324079990386965,2.9711997509002687,2.9297256469726564,2.917914390563965,2.88442325592041,2.873281717300415,2.86922287940979,2.8533709049224855,2.853070020675659,2.957340955734253,2.971473455429077,2.9877989292144777,2.874877691268921,2.9067211151123049,2.8475823402404787,2.8450422286987306,2.85111665725708,2.8140368461608888,2.777536392211914,2.7934234142303469,2.7194952964782717,2.713186740875244,2.795515775680542,2.7569022178649904,2.786621570587158,2.786621570587158,2.8660051822662355,2.8660051822662355,2.8660051822662355,2.8618178367614748,2.8013579845428469,2.509239673614502,2.509119749069214,2.495783567428589,2.382042407989502,2.3573241233825685,2.290863275527954,2.2265706062316896,2.2265706062316896,2.2818198204040529,2.231411933898926,2.2227320671081545,2.2527012825012209,2.2527012825012209,2.2059950828552248,2.2059950828552248,2.1530613899230959,2.1530613899230959,2.1530613899230959,2.2122750282287599,2.2122750282287599,2.2122750282287599,2.2122750282287599,2.2122750282287599,2.1516809463500978,2.0564303398132326,2.0564303398132326,2.0564303398132326,2.0564303398132326,2.049323081970215,2.068138360977173,2.1156208515167238,2.1156208515167238,2.1156208515167238,2.0173563957214357,2.0173563957214357,2.0173563957214357,2.1040167808532717,2.1040167808532717,2.1040167808532717,2.1040167808532717,2.1195902824401857,2.1195902824401857,1.9728552103042603,1.9728552103042603,1.9728552103042603,1.9728552103042603,1.9728552103042603,1.9728552103042603,1.9728552103042603,1.9728552103042603,2.4237215518951418,2.4237215518951418,2.4237215518951418,2.5969910621643068],"herb_cam_stats":[6.588432788848877,6.588432788848877,6.588432788848877,6.588432788848877,6.588432788848877,6.588432788848877,6.588432788848877,6.588432788848877,6.638382434844971,6.549525737762451,6.477363586425781,6.468379974365234,6.4595794677734379,6.507579326629639,6.4841694831848148,6.485918045043945,6.47068977355957,6.456904411315918,6.522001266479492,6.503574848175049,6.561487197875977,6.592789173126221,6.549090385437012,6.587004661560059,6.530953884124756,6.52848482131958,6.513484001159668,6.518569469451904,6.557091236114502,6.5415263175964359,6.533605098724365,6.484575271606445,6.447604656219482,6.381842613220215,6.4013285636901859,6.436160564422607,6.468941688537598,6.500364303588867,6.374989986419678,6.342130184173584,6.322560787200928,6.32287073135376,6.3526835441589359,6.42217493057251,6.3933868408203129,6.41256046295166,6.357572078704834,6.397945404052734,6.3675079345703129,6.311843395233154,6.332462310791016,6.342827796936035,6.3256940841674809,6.336151123046875,6.341486930847168,6.389163970947266,6.364221572875977,6.273128509521484,6.293312072753906,6.303004264831543,6.323230266571045,6.298267841339111,6.239143371582031,6.2563276290893559,6.248874664306641,6.314647197723389,6.188348770141602,6.375758171081543,6.427794933319092,6.627904415130615,6.595486164093018,6.602750301361084,6.612795829772949,6.623845100402832,6.734871864318848,7.032960414886475,7.026999473571777,7.056209564208984,7.003382682800293,7.014033794403076,7.295766830444336,7.134157657623291,7.134157657623291,7.3324360847473148,7.3324360847473148,7.3324360847473148,7.374074935913086,7.635766983032227,7.810997486114502,8.090886116027832,7.847709655761719,8.109658241271973,8.19404411315918,8.51318645477295,8.441595077514649,8.441595077514649,9.208099365234375,8.993693351745606,8.199292182922364,7.985321044921875,7.985321044921875,7.701292037963867,7.701292037963867,7.814711570739746,7.814711570739746,7.814711570739746,7.7805633544921879,7.7805633544921879,7.7805633544921879,7.7805633544921879,7.7805633544921879,7.917529582977295,8.586995124816895,8.586995124816895,8.586995124816895,8.586995124816895,8.355081558227539,8.243443489074707,7.999903678894043,7.999903678894043,7.999903678894043,8.318293571472168,8.318293571472168,8.318293571472168,8.321481704711914,8.321481704711914,8.321481704711914,8.321481704711914,8.259785652160645,8.259785652160645,8.6364164352417,8.6364164352417,8.6364164352417,8.6364164352417,8.6364164352417,8.6364164352417,8.6364164352417,8.6364164352417,7.348515510559082,7.348515510559082,7.348515510559082,8.495272636413575],