{"herbivorosVivos":[100,100,100],"CarnivorosVivos":[0,0,0],"PlantasVivas":[100,100,99],"herb_vel_stats":[3.4005041122436525,3.4005041122436525,3.4005041122436525],"herb_cam_stats":[7.102626800537109,7.102626800537109,7.102626800537109],"herb_gan_stats":[36.277523040771487,36.277523040771487,36.277523040771487],"carn_vel_stats":[0.0,0.0,0.0],"carn_cam_stats":[0.0,0.0,0.0],"carn_gan_stats":[0.0,0.0,0.0]}