{"herbivorosVivos":[100,100,100,100,100,100,100,100,102],"CarnivorosVivos":[0,0,0,0,0,0,0,0,0],"PlantasVivas":[100,100,99,90,85,87,88,88,91],"herb_vel_stats":[3.229640007019043,3.229640007019043,3.229640007019043,3.229640007019043,3.229640007019043,3.229640007019043,3.229640007019043,3.229640007019043,3.2271552085876467],"herb_cam_stats":[7.2941508293151859,7.2941508293151859,7.2941508293151859,7.2941508293151859,7.2941508293151859,7.2941508293151859,7.2941508293151859,7.2941508293151859,7.232875347137451],"herb_gan_stats":[37.594051361083987,37.594051361083987,37.594051361083987,37.594051361083987,37.594051361083987,37.594051361083987,37.594051361083987,37.594051361083987,37.996307373046878],"carn_vel_stats":[0.0,0.0,0.0,0.0,0.0,0.0,0.0,0.0,0.0],"carn_cam_stats":[0.0,0.0,0.0,0.0,0.0,0.0,0.0,0.0,0.0],"carn_gan_stats":[0.0,0.0,0.0,0.0,0.0,0.0,0.0,0.0,0.0]}