{"herbivorosVivos":[100,100,100,100,100,100,100,102,102,102,105,112,118,120,122,124,127,127,130,134,137,138,142,142,144,147,149,147,144,145,148,149,151,154,154,155,153,153],"CarnivorosVivos":[0,0,0,0,0,0,0,0,0,0,0,0,0,0,0,0,0,0,0,0,0,0,0,0,10,10,10,10,10,11,11,11,12,13,14,15,18,19],"PlantasVivas":[100,100,99,84,86,88,91,85,89,85,92,92,89,92,90,90,93,90,89,90,90,84,89,89,88,89,89,94,94,89,87,86,93,90,90,89,91,89],"herb_vel_stats":[3.2933096885681154,3.2933096885681154,3.2933096885681154,3.2933096885681154,3.2933096885681154,3.2933096885681154,3.2933096885681154,3.278247356414795,3.278247356414795,3.260601282119751,3.2246899604797365,3.2509844303131105,3.2984485626220705,3.2944750785827638,3.3084540367126467,3.2960004806518556,3.327385663986206,3.2965738773345949,3.2916300296783449,3.304882287979126,3.3185954093933107,3.3385112285614015,3.355945110321045,3.377791166305542,3.3707916736602785,3.4072072505950929,3.4488296508789064,3.4428870677948,3.4067740440368654,3.4305741786956789,3.456493377685547,3.4736082553863527,3.4544434547424318,3.3760697841644289,3.3664755821228029,3.3816347122192385,3.407820463180542,3.432523488998413],"herb_cam_stats":[6.798348426818848,6.798348426818848,6.798348426818848,6.798348426818848,6.798348426818848,6.798348426818848,6.798348426818848,6.839795112609863,6.839795112609863,6.811839580535889,6.865732669830322,6.841832637786865,6.812541961669922,6.7493977546691898,6.7260637283325199,6.709275722503662,6.690994739532471,6.750718593597412,6.755058765411377,6.783727169036865,6.670315742492676,6.733157634735107,6.713376998901367,6.632450580596924,6.6258134841918949,6.7235541343688969,6.698141098022461,6.73015022277832,6.748071670532227,6.753293991088867,6.733019828796387,6.790022850036621,6.686283588409424,6.804171562194824,6.790078639984131,6.800049781799316,6.789021015167236,6.7277936935424809],"herb_gan_stats":[35.2080192565918,35.2080192565918,35.2080192565918,35.2080192565918,35.2080192565918,35.2080192565918,35.2080192565918,34.63531494140625,34.63531494140625,34.02479553222656,33.63359069824219,33.57822036743164,33.33477020263672,33.52577209472656,33.07453155517578,32.845462799072269,32.848365783691409,32.905601501464847,32.964969635009769,32.31836700439453,31.853769302368165,33.50639724731445,32.490394592285159,31.060049057006837,30.734901428222658,31.361833572387697,31.324785232543947,30.462949752807618,29.89673614501953,29.3132381439209,28.66388511657715,27.871166229248048,27.903779983520509,27.470224380493165,26.87060546875,27.061599731445314,27.114547729492189,26.452566146850587],"carn_vel_stats":[0.0,0.0,0.0,0.0,0.0,0.0,0.0,0.0,0.0,0.0,0.0,0.0,0.0,0.0,0.0,0.0,0.0,0.0,0.0,0.0,0.0,0.0,0.0,0.0,3.5193164348602297,3.5193164348602297,3.5193164348602297,3.5193164348602297,3.5193164348602297,4.168732643127441,4.168732643127441,4.168732643127441,4.297560214996338,4.787201404571533,4.727316379547119,4.799609184265137,5.014323711395264,4.827661514282227],"carn_cam_stats":[0.0,0.0,0.0,0.0,0.0,0.0,0.0,0.0,0.0,0.0,0.0,0.0,0.0,0.0,0.0,0.0,0.0,0.0,0.0,0.0,0.0,0.0,0.0,0.0,7.166919708251953,7.166919708251953,7.166919708251953,7.166919708251953,7.166919708251953,6.949429512023926,6.949429512023926,6.949429512023926,6.7125725746154789,6.8192243576049809,6.678763389587402,6.507322311401367,7.054984092712402,6.899835586547852],"carn_gan_stats":[0.0,0.0,0.0,0.0,0.0,0.0,0.0,0.0,0.0,0.0,0.0,0.0,0.0,0.0,0.0,0.0,0.0,0.0,0.0,0.0,0.0,0.0,0.0,0.0,0.9602051973342896,0.9602051973342896,0.9602051973342896,0.9602051973342896,0.9602051973342896,0.9541016221046448,0.9541016221046448,0.9541016221046448,1.216855764389038,1.4905226230621338,1.8126283884048463,1.9655964374542237,1.9010186195373536,2.0171308517456056]}