{"herbivorosVivos":[100,100,100,100,100,100,100,100,100,105,110,112,116,119,120,127,132,132,134,130,131,135,132,130,131,133,129,130,129,127,129,122,124,123,124,126,126,121,121,121,117,117,116,114,110,107,100,92,93,89,87,82,72,65,62,60,57,50,45,38,39,38,36,35,31,30,27,25,25,25,24,22,22,19,19,18,18,17,16,14,14,14,14,13,10,9,9,9,7,6,6,6,6,4,4,4,4,4,4,4,4,3,3,3,3,3,3,3,3,3,3,3],"CarnivorosVivos":[0,0,0,0,0,0,0,0,0,0,0,0,0,0,0,0,0,0,0,0,0,0,0,0,0,0,0,0,0,0,0,0,0,0,0,0,0,0,0,0,0,0,0,0,0,0,0,0,0,0,0,0,0,0,0,0,0,0,0,0,0,0,0,0,0,0,0,0,0,0,0,0,0,0,0,0,0,0,0,0,0,0,0,0,0,0,0,0,0,0,0,0,0,0,0,0,0,0,0,0,0,0,0,0,0,0,0,0,0,0,0,0],"PlantasVivas":[100,100,99,84,86,87,87,88,89,91,92,90,93,93,91,91,93,93,91,93,94,90,94,92,91,93,91,95,93,93,97,94,92,96,91,93,97,95,96,98,95,96,99,92,99,96,97,96,98,98,99,100,97,100,98,97,100,97,98,100,98,97,100,97,99,100,99,99,98,99,99,99,99,100,97,99,99,99,100,98,100,99,99,100,100,100,99,100,100,100,100,100,100,99,100,100,100,99,100,100,100,100,100,100,100,100,100,100,100,100,100,100],"herb_vel_stats":[3.0827207565307619,3.0827207565307619,3.0827207565307619,3.0827207565307619,3.0827207565307619,3.0827207565307619,3.0827207565307619,3.0827207565307619,3.0827207565307619,3.1048858165740969,3.116154909133911,3.1473300457000734,3.18430757522583,3.2151896953582765,3.215557098388672,3.185467004776001,3.1630704402923586,3.184516429901123,3.175930976867676,3.1810593605041506,3.1796772480010988,3.223975419998169,3.180814027786255,3.183595895767212,3.1531219482421877,3.1667020320892336,3.151665210723877,3.1237611770629885,3.112220287322998,3.119258165359497,3.1494977474212648,3.1111838817596437,3.1212944984436037,3.148289203643799,3.1533823013305666,3.1509478092193605,3.140834093093872,3.1398308277130129,3.193535566329956,3.2098748683929445,3.202685594558716,3.2094483375549318,3.257633686065674,3.27583384513855,3.2650327682495119,3.24476957321167,3.309889316558838,3.2985494136810304,3.2783725261688234,3.2486605644226076,3.231353759765625,3.2139651775360109,3.246410846710205,3.2579431533813478,3.2369701862335207,3.2170767784118654,3.2544736862182619,3.403377056121826,3.39483904838562,3.3511178493499758,3.317624568939209,3.271136522293091,3.2923765182495119,3.3253519535064699,3.2109944820404054,3.266693353652954,3.1442317962646486,3.209202766418457,3.209202766418457,3.209202766418457,3.2776544094085695,3.3463475704193117,3.3463475704193117,3.375441312789917,3.375441312789917,3.273282051086426,3.273282051086426,3.2893574237823488,3.3074421882629396,3.32098126411438,3.32098126411438,3.32098126411438,3.32098126411438,3.2685749530792238,3.3830649852752687,2.70359206199646,2.70359206199646,2.70359206199646,2.5783369541168215,2.751007318496704,2.751007318496704,2.751007318496704,2.751007318496704,2.990931987762451,2.990931987762451,2.990931987762451,2.990931987762451,2.990931987762451,2.990931987762451,2.990931987762451,2.990931987762451,2.653822660446167,2.653822660446167,2.653822660446167,2.653822660446167,2.653822660446167,2.653822660446167,2.653822660446167,2.653822660446167,2.653822660446167,2.653822660446167,2.653822660446167],"herb_cam_stats":[6.643906116485596,6.643906116485596,6.643906116485596,6.643906116485596,6.643906116485596,6.643906116485596,6.643906116485596,6.643906116485596,6.643906116485596,6.680303573608398,6.746531963348389,6.691295146942139,6.668546676635742,6.746911525726318,6.786109447479248,6.765357971191406,6.886821269989014,6.925718307495117,6.938146114349365,6.855260848999023,6.848731994628906,6.776434421539307,6.671523094177246,6.681854248046875,6.662303447723389,6.717580318450928,6.718801975250244,6.785885810852051,6.764647483825684,6.669855117797852,6.761136531829834,6.744936943054199,6.8167195320129398,6.777798652648926,6.746260643005371,6.734414577484131,6.690528392791748,6.675560474395752,6.714014530181885,6.710559844970703,6.531675815582275,6.578935146331787,6.600602149963379,6.533956050872803,6.460871696472168,6.498116493225098,6.506396293640137,6.446962356567383,6.463460445404053,6.355686664581299,6.331284046173096,6.304605484008789,6.20424222946167,6.141670227050781,6.1478047370910648,6.061747074127197,5.9873480796813969,6.010765552520752,5.8682332038879398,5.892690181732178,5.772759437561035,5.727926731109619,5.640909194946289,5.630649566650391,5.651239395141602,5.5739312171936039,5.800307750701904,5.7565178871154789,5.7565178871154789,5.7565178871154789,5.7848052978515629,5.516048908233643,5.516048908233643,5.855086326599121,5.855086326599121,5.990839004516602,5.990839004516602,5.990300178527832,5.989694118499756,6.318093299865723,6.318093299865723,6.318093299865723,6.318093299865723,6.541674613952637,7.216378211975098,6.834534645080566,6.834534645080566,6.834534645080566,5.759629249572754,5.039827346801758,5.039827346801758,5.039827346801758,5.039827346801758,3.685692310333252,3.685692310333252,3.685692310333252,3.685692310333252,3.685692310333252,3.685692310333252,3.685692310333252,3.685692310333252,3.609978437423706,3.609978437423706,3.609978437423706,3.609978437423706,3.609978437423706,3.609978437423706,3.609978437423706,3.609978437423706,3.609978437423706,3.609978437423706,3.609978437423706],"herb_gan_stats":[24.31756019592285,24.31756019592285,24.31756019592285,24.31756019592285,24.31756019592285,24.31756019592285,24.31756019592285,24.31756019592285,24.31756019592285,23.71176528930664,23.823930740356447,24.628904342651368,25.40931510925293,25.014970779418947,24.87624168395996,24.463237762451173,25.335634231567384,26.026775360107423,25.727869033813478,25.21989631652832,25.073179244995118,25.457347869873048,25.18023681640625,25.18611717224121,25.21456527709961,25.436071395874025,25.813133239746095,25.707836151123048,25.107685089111329,24.899738311767579,25.056861877441408,25.3991756439209,25.869924545288087,26.03959846496582,26.336137771606447,26.013341903686525,26.076637268066408,26.509660720825197,26.803836822509767,26.84165382385254,26.91958236694336,26.831039428710939,27.4453182220459,27.94426918029785,27.369829177856447,26.814599990844728,27.503185272216798,26.83806610107422,27.641559600830079,26.43709373474121,25.51293182373047,25.02924346923828,24.59402084350586,26.39958381652832,26.098186492919923,25.196229934692384,24.967092514038087,21.743125915527345,20.526514053344728,22.974573135375978,23.61711311340332,23.130823135375978,23.94625473022461,24.379104614257814,26.396739959716798,25.781404495239259,26.739917755126954,28.380199432373048,28.380199432373048,28.380199432373048,27.640151977539064,28.901079177856447,28.901079177856447,32.900421142578128,32.900421142578128,34.39488983154297,34.39488983154297,36.124000549316409,38.069252014160159,35.47841262817383,35.47841262817383,35.47841262817383,35.47841262817383,37.94509506225586,35.47119903564453,34.90184783935547,34.90184783935547,34.90184783935547,32.66480255126953,33.1033821105957,33.1033821105957,33.1033821105957,33.1033821105957,46.03102111816406,46.03102111816406,46.03102111816406,46.03102111816406,46.03102111816406,46.03102111816406,46.03102111816406,46.03102111816406,59.37469482421875,59.37469482421875,59.37469482421875,59.37469482421875,59.37469482421875,59.37469482421875,59.37469482421875,59.37469482421875,59.37469482421875,59.37469482421875,59.37469482421875],"carn_vel_stats":[0.0,0.0,0.0,0.0,0.0,0.0,0.0,0.0,0.0,0.0,0.0,0.0,0.0,0.0,0.0,0.0,0.0,0.0,0.0,0.0,0.0,0.0,0.0,0.0,0.0,0.0,0.0,0.0,0.0,0.0,0.0,0.0,0.0,0.0,0.0,0.0,0.0,0.0,0.0,0.0,0.0,0.0,0.0,0.0,0.0,0.0,0.0,0.0,0.0,0.0,0.0,0.0,0.0,0.0,0.0,0.0,0.0,0.0,0.0,0.0,0.0,0.0,0.0,0.0,0.0,0.0,0.0,0.0,0.0,0.0,0.0,0.0,0.0,0.0,0.0,0.0,0.0,0.0,0.0,0.0,0.0,0.0,0.0,0.0,0.0,0.0,0.0,0.0,0.0,0.0,0.0,0.0,0.0,0.0,0.0,0.0,0.0,0.0,0.0,0.0,0.0,0.0,0.0,0.0,0.0,0.0,0.0,0.0,0.0,0.0,0.0,0.0],